{
    "predict_bleu-4": 24.336188000000007,
    "predict_rouge-1": 37.183804,
    "predict_rouge-2": 17.870486,
    "predict_rouge-l": 26.944840000000003,
    "predict_runtime": 268.8143,
    "predict_samples_per_second": 0.186,
    "predict_steps_per_second": 0.186
}