{
    "predict_bleu-4": 20.862523999999997,
    "predict_rouge-1": 37.572086,
    "predict_rouge-2": 18.456008,
    "predict_rouge-l": 27.073594000000003,
    "predict_runtime": 131.8438,
    "predict_samples_per_second": 0.379,
    "predict_steps_per_second": 0.379
}