{
    "predict_bleu-4": 30.647958,
    "predict_rouge-1": 37.316118,
    "predict_rouge-2": 17.346553999999998,
    "predict_rouge-l": 26.321490000000004,
    "predict_runtime": 292.9761,
    "predict_samples_per_second": 0.171,
    "predict_steps_per_second": 0.171
}