{
    "predict_bleu-4": 41.74031999999999,
    "predict_rouge-1": 47.48860200000001,
    "predict_rouge-2": 26.081404000000003,
    "predict_rouge-l": 34.645334,
    "predict_runtime": 346.2581,
    "predict_samples_per_second": 0.144,
    "predict_steps_per_second": 0.144
}