{
    "predict_bleu-4": 40.24443,
    "predict_rouge-1": 47.312606,
    "predict_rouge-2": 25.071579999999997,
    "predict_rouge-l": 33.815758,
    "predict_runtime": 320.6572,
    "predict_samples_per_second": 0.156,
    "predict_steps_per_second": 0.156
}