{
    "predict_bleu-4": 10.715456,
    "predict_rouge-1": 34.782208,
    "predict_rouge-2": 15.551550000000002,
    "predict_rouge-l": 7.203945999999999,
    "predict_runtime": 3244.7361,
    "predict_samples_per_second": 0.015,
    "predict_steps_per_second": 0.015
}