{
    "predict_bleu-4": 41.43549,
    "predict_rouge-1": 45.150088,
    "predict_rouge-2": 23.948197999999998,
    "predict_rouge-l": 32.482422,
    "predict_runtime": 550.3602,
    "predict_samples_per_second": 0.091,
    "predict_steps_per_second": 0.091
}