{
    "predict_bleu-4": 15.511880000000001,
    "predict_rouge-1": 30.952561999999997,
    "predict_rouge-2": 13.144971999999997,
    "predict_rouge-l": 10.350368000000001,
    "predict_runtime": 1742.9918,
    "predict_samples_per_second": 0.029,
    "predict_steps_per_second": 0.029
}