{
    "epoch": 2.986666666666667,
    "total_flos": 4.411115336269824e+16,
    "train_loss": 1.1112558543682098,
    "train_runtime": 967.2549,
    "train_samples_per_second": 2.791,
    "train_steps_per_second": 0.347
}